date,ticker,name,close,change_pct,currency,quantity,value
2026-08-26,AAPL,Apple,313.45,,USD,3,940.35
2026-08-27,AAPL,Apple,314.58,0.36,USD,3,943.74
2026-08-28,000660,SK하이닉스,1653000.0,,KRW,5,8265000.0
2026-08-28,005930,삼성전자,257000.0,,KRW,10,2570000.0
2026-08-28,AAPL,Apple,319.7,1.63,USD,3,959.1
2026-08-31,000660,SK하이닉스,1674000.0,1.27,KRW,5,8370000.0
2026-08-31,005930,삼성전자,260000.0,1.17,KRW,10,2600000.0
2026-08-31,AAPL,Apple,316.85,-0.89,USD,3,950.55
2026-09-01,000660,SK하이닉스,1693000.0,1.14,KRW,5,8465000.0
2026-09-01,005930,삼성전자,261000.0,0.38,KRW,10,2610000.0
2026-09-01,AAPL,Apple,325.13,2.61,USD,3,975.39
2026-09-02,000660,SK하이닉스,1613000.0,-4.73,KRW,5,8065000.0
2026-09-02,005930,삼성전자,250500.0,-4.02,KRW,10,2505000.0
2026-09-02,AAPL,Apple,324.96,-0.05,USD,3,974.88
2026-09-03,000660,SK하이닉스,1596000.0,-1.05,KRW,5,7980000.0
2026-09-03,005930,삼성전자,250000.0,-0.2,KRW,10,2500000.0
2026-09-03,AAPL,Apple,328.21,1.0,USD,3,984.63
2026-09-04,000660,SK하이닉스,1647000.0,3.2,KRW,5,8235000.0
2026-09-04,005930,삼성전자,255500.0,2.2,KRW,10,2555000.0
2026-09-04,AAPL,Apple,319.97,-2.51,USD,3,959.91
2026-09-07,000660,SK하이닉스,1783000.0,8.26,KRW,5,8915000.0
2026-09-07,005930,삼성전자,270000.0,5.68,KRW,10,2700000.0
2026-09-08,000660,SK하이닉스,1793000.0,0.56,KRW,5,8965000.0
2026-09-08,005930,삼성전자,269500.0,-0.19,KRW,10,2695000.0
2026-09-08,AAPL,Apple,316.22,-1.17,USD,3,948.66
2026-09-09,000660,SK하이닉스,1856000.0,3.51,KRW,5,9280000.0
2026-09-09,005930,삼성전자,269500.0,0.0,KRW,10,2695000.0
2026-09-09,AAPL,Apple,315.34,-0.28,USD,3,946.02
2026-09-10,000660,SK하이닉스,1853000.0,-0.16,KRW,5,9265000.0
2026-09-10,005930,삼성전자,269000.0,-0.19,KRW,10,2690000.0
2026-09-10,AAPL,Apple,326.57,3.56,USD,3,979.71
2026-09-11,000660,SK하이닉스,1812000.0,-2.21,KRW,5,9060000.0
2026-09-11,005930,삼성전자,259500.0,-3.53,KRW,10,2595000.0
2026-09-11,AAPL,Apple,332.27,1.75,USD,3,996.81
2026-09-14,000660,SK하이닉스,1697000.0,-6.35,KRW,5,8485000.0
2026-09-14,005930,삼성전자,249000.0,-4.05,KRW,10,2490000.0
2026-09-14,AAPL,Apple,333.08,0.24,USD,3,999.24
2026-09-15,000660,SK하이닉스,1690000.0,-0.41,KRW,5,8450000.0
2026-09-15,005930,삼성전자,248500.0,-0.2,KRW,10,2485000.0
2026-09-15,AAPL,Apple,331.34,-0.52,USD,3,994.02
2026-09-16,000660,SK하이닉스,1759000.0,4.08,KRW,5,8795000.0
2026-09-16,005930,삼성전자,253500.0,2.01,KRW,10,2535000.0
2026-09-16,AAPL,Apple,332.41,0.32,USD,3,997.23
2026-09-17,000660,SK하이닉스,1745000.0,-0.8,KRW,5,8725000.0
2026-09-17,005930,삼성전자,252500.0,-0.39,KRW,10,2525000.0
2026-09-17,AAPL,Apple,337.0,1.38,USD,3,1011.0
2026-09-18,000660,SK하이닉스,1857000.0,6.42,KRW,5,9285000.0
2026-09-18,005930,삼성전자,261000.0,3.37,KRW,10,2610000.0
2026-09-18,AAPL,Apple,336.13,-0.26,USD,3,1008.39
2026-09-21,000660,SK하이닉스,1868000.0,0.59,KRW,5,9340000.0
2026-09-21,005930,삼성전자,274000.0,4.98,KRW,10,2740000.0
2026-09-21,AAPL,Apple,338.98,0.85,USD,3,1016.94
2026-09-22,000660,SK하이닉스,1840000.0,-1.5,KRW,5,9200000.0
2026-09-22,005930,삼성전자,276500.0,0.91,KRW,10,2765000.0
2026-09-22,AAPL,Apple,339.75,0.23,USD,3,1019.25
2026-09-23,000660,SK하이닉스,1862000.0,1.2,KRW,5,9310000.0
2026-09-23,005930,삼성전자,285500.0,3.25,KRW,10,2855000.0
2026-09-23,AAPL,Apple,337.02,-0.8,USD,3,1011.06
2026-09-24,AAPL,Apple,335.92,-0.33,USD,3,1007.76
2026-09-25,AAPL,Apple,341.07,1.53,USD,3,1023.21
2026-09-28,000660,SK하이닉스,1768000.0,-5.05,KRW,5,8840000.0
2026-09-28,005930,삼성전자,270000.0,-5.43,KRW,10,2700000.0
